Date,TransportType,Route,DepartureTime,ArrivalTime,Passengers,DepartureStation,ArrivalStation,Delay
2023-03-01,Train,Route_1,06:39,07:32,10,Station_1,Station_2,5
2023-03-01,Train,Route_4,10:09,10:59,30,Station_17,Station_8,8
2023-03-01,Tram,Route_8,11:09,11:51,100,Station_11,Station_9,9
2023-03-01,Bus,Route_4,09:21,11:07,3,Station_5,Station_5,2
2023-03-01,Tram,Route_3,05:05,05:35,40,Station_18,Station_13,13
2023-03-01,Bus,Route_7,03:28,03:56,14,Station_4,Station_14,11
2023-03-01,Bus,Route_1,21:24,23:16,97,Station_6,Station_14,7
2023-03-01,Metro,Route_7,13:03,14:05,4,Station_2,Station_13,11
2023-03-01,Train,Route_10,20:38,22:17,1,Station_2,Station_19,14
2023-03-01,Metro,Route_7,17:03,18:59,47,Station_9,Station_17,7
2023-03-01,Metro,Route_7,08:49,10:43,24,Station_8,Station_10,1
2023-03-01,Tram,Route_9,17:21,18:54,56,Station_18,Station_15,14
2023-03-01,Metro,Route_9,10:08,11:23,7,Station_15,Station_9,3
2023-03-01,Tram,Route_10,05:02,06:51,100,Station_6,Station_3,14
2023-03-01,Bus,Route_4,14:04,14:22,84,Station_3,Station_18,7
2023-03-01,Tram,Route_10,05:44,07:49,32,Station_8,Station_18,10
2023-03-01,Tram,Route_7,18:51,20:14,100,Station_17,Station_5,8
2023-03-01,Bus,Route_2,10:10,10:48,13,Station_12,Station_16,8
2023-03-01,Train,Route_3,22:06,23:40,94,Station_8,Station_15,5
2023-03-01,Metro,Route_8,13:32,14:52,76,Station_15,Station_18,12
2023-03-01,Metro,Route_8,12:07,13:28,33,Station_19,Station_20,8
2023-03-01,Train,Route_4,21:16,22:32,53,Station_8,Station_1,1
2023-03-01,Train,Route_8,20:48,21:26,57,Station_11,Station_19,0
2023-03-01,Train,Route_8,18:12,19:36,69,Station_18,Station_7,0
2023-03-01,Train,Route_2,07:21,07:29,10,Station_7,Station_2,7
2023-03-01,Bus,Route_3,14:44,15:18,24,Station_11,Station_4,14
2023-03-01,Tram,Route_4,13:03,14:40,60,Station_14,Station_8,6
2023-03-01,Metro,Route_4,10:36,12:03,92,Station_15,Station_9,8
2023-03-01,Train,Route_10,11:10,13:09,46,Station_19,Station_4,5
2023-03-01,Train,Route_3,07:01,08:30,12,Station_3,Station_4,10
2023-03-01,Tram,Route_2,15:47,16:45,8,Station_17,Station_8,1
2023-03-01,Tram,Route_6,10:24,11:03,21,Station_20,Station_6,5
2023-03-02,Bus,Route_5,11:58,12:26,13,Station_6,Station_3,0
2023-03-02,Metro,Route_10,18:01,18:49,59,Station_17,Station_15,0
2023-03-02,Metro,Route_3,13:51,15:34,46,Station_3,Station_9,7
2023-03-02,Metro,Route_5,15:33,16:06,89,Station_13,Station_1,3
2023-03-02,Metro,Route_3,09:00,10:11,7,Station_18,Station_3,9
2023-03-02,Tram,Route_10,20:08,21:06,60,Station_3,Station_15,5
2023-03-02,Metro,Route_7,15:12,16:04,16,Station_5,Station_3,3
2023-03-02,Bus,Route_8,07:29,09:03,72,Station_6,Station_3,3
2023-03-02,Metro,Route_1,16:33,17:21,76,Station_20,Station_2,15
2023-03-02,Tram,Route_8,07:00,08:41,89,Station_18,Station_11,4
2023-03-02,Train,Route_8,13:14,15:07,70,Station_20,Station_1,13
2023-03-02,Tram,Route_3,11:59,13:54,39,Station_17,Station_8,2
2023-03-02,Train,Route_3,09:30,10:55,13,Station_8,Station_1,11
2023-03-02,Bus,Route_6,11:25,13:04,13,Station_8,Station_19,0
2023-03-02,Tram,Route_2,12:42,13:00,4,Station_3,Station_18,2
2023-03-02,Tram,Route_6,19:36,21:39,20,Station_15,Station_12,11
2023-03-02,Metro,Route_8,10:54,12:14,48,Station_7,Station_12,12
2023-03-02,Metro,Route_2,18:15,19:30,29,Station_2,Station_11,2
2023-03-02,Train,Route_2,19:56,20:15,57,Station_11,Station_6,1
2023-03-02,Tram,Route_8,21:30,22:36,2,Station_12,Station_8,13
2023-03-02,Train,Route_4,08:46,09:05,43,Station_19,Station_17,3
2023-03-02,Metro,Route_1,06:07,07:23,100,Station_11,Station_11,13
2023-03-02,Metro,Route_4,10:33,11:08,5,Station_5,Station_13,14
2023-03-02,Tram,Route_10,12:40,12:47,73,Station_11,Station_17,4
2023-03-02,Tram,Route_7,10:15,10:19,88,Station_16,Station_6,1
2023-03-02,Metro,Route_3,12:59,14:14,26,Station_16,Station_6,12
2023-03-02,Tram,Route_8,10:41,12:19,5,Station_7,Station_10,13
2023-03-02,Bus,Route_3,21:46,22:45,42,Station_10,Station_20,12
2023-03-02,Tram,Route_8,19:58,20:27,63,Station_1,Station_15,1
2023-03-02,Metro,Route_10,12:52,13:05,81,Station_11,Station_11,3
2023-03-02,Tram,Route_3,21:32,21:47,99,Station_1,Station_4,14
2023-03-02,Train,Route_8,17:32,19:12,98,Station_1,Station_16,11
2023-03-03,Train,Route_7,16:43,18:18,10,Station_18,Station_11,14
2023-03-03,Train,Route_7,15:33,16:11,77,Station_7,Station_11,10
2023-03-03,Metro,Route_6,11:48,13:34,6,Station_17,Station_19,12
2023-03-03,Bus,Route_8,14:34,15:12,1,Station_7,Station_15,8
2023-03-03,Bus,Route_10,11:37,12:29,76,Station_19,Station_14,4
2023-03-03,Metro,Route_6,05:13,05:32,100,Station_17,Station_20,4
2023-03-03,Tram,Route_6,14:55,15:45,67,Station_17,Station_10,4
2023-03-03,Tram,Route_3,11:25,12:42,36,Station_12,Station_1,2
2023-03-03,Bus,Route_6,15:40,17:29,81,Station_13,Station_9,8
2023-03-03,Tram,Route_10,22:52,24:36,4,Station_17,Station_14,10
2023-03-03,Metro,Route_5,08:16,08:57,57,Station_15,Station_13,11
2023-03-03,Bus,Route_2,12:15,14:22,38,Station_5,Station_4,12
2023-03-03,Metro,Route_2,08:13,09:23,16,Station_20,Station_9,14
2023-03-03,Bus,Route_8,06:57,08:10,11,Station_9,Station_14,4
2023-03-03,Bus,Route_3,05:36,07:26,47,Station_13,Station_1,2
2023-03-03,Train,Route_6,18:46,19:42,97,Station_5,Station_10,7
2023-03-03,Bus,Route_9,15:55,17:50,50,Station_17,Station_19,0
2023-03-03,Metro,Route_1,08:08,09:47,57,Station_15,Station_9,14
2023-03-03,Tram,Route_5,14:35,15:23,42,Station_11,Station_9,15
2023-03-03,Tram,Route_4,13:14,14:58,96,Station_10,Station_7,2
2023-03-03,Metro,Route_5,10:20,11:48,1,Station_14,Station_12,7
2023-03-03,Train,Route_10,05:15,06:44,58,Station_7,Station_16,15
2023-03-03,Bus,Route_3,22:24,24:33,77,Station_2,Station_5,12
2023-03-03,Bus,Route_2,13:58,15:18,78,Station_16,Station_5,7
2023-03-03,Train,Route_3,07:25,07:47,48,Station_12,Station_18,1
2023-03-03,Bus,Route_2,18:24,19:50,85,Station_4,Station_5,8
2023-03-03,Tram,Route_9,19:07,20:39,27,Station_2,Station_13,7
2023-03-03,Metro,Route_3,09:09,11:05,19,Station_16,Station_14,15
2023-03-03,Train,Route_5,10:55,12:22,21,Station_20,Station_11,3
2023-03-03,Train,Route_1,07:19,08:33,9,Station_8,Station_20,10
2023-03-03,Train,Route_7,09:12,11:08,71,Station_5,Station_11,5
2023-03-03,Tram,Route_7,19:26,20:14,72,Station_1,Station_3,7
2023-03-04,Metro,Route_1,20:05,21:31,83,Station_11,Station_5,13
2023-03-04,Train,Route_6,06:47,08:33,81,Station_13,Station_16,9
2023-03-04,Tram,Route_2,15:13,15:49,64,Station_2,Station_12,15
2023-03-04,Tram,Route_6,10:48,12:31,22,Station_8,Station_9,3
2023-03-04,Train,Route_3,20:22,22:14,57,Station_8,Station_14,3
2023-03-04,Bus,Route_6,15:55,17:45,71,Station_18,Station_8,14
2023-03-04,Tram,Route_2,08:39,09:26,42,Station_8,Station_11,10
2023-03-04,Bus,Route_7,21:28,23:10,78,Station_5,Station_3,14
2023-03-04,Bus,Route_4,08:51,09:58,57,Station_17,Station_6,12
2023-03-04,Metro,Route_7,08:35,10:22,65,Station_4,Station_2,8
2023-03-04,Bus,Route_6,13:34,15:34,91,Station_19,Station_18,3
2023-03-04,Train,Route_10,15:04,16:02,72,Station_16,Station_18,14
2023-03-04,Metro,Route_7,11:39,13:07,13,Station_13,Station_2,12
2023-03-04,Metro,Route_1,12:48,13:13,81,Station_12,Station_1,12
2023-03-04,Metro,Route_2,12:47,13:54,95,Station_9,Station_3,11
2023-03-04,Tram,Route_4,12:32,13:36,22,Station_20,Station_13,7
2023-03-04,Metro,Route_5,10:16,10:36,71,Station_4,Station_5,15
2023-03-04,Bus,Route_3,07:17,07:31,2,Station_13,Station_5,9
2023-03-04,Metro,Route_4,14:34,15:52,42,Station_7,Station_8,8
2023-03-04,Train,Route_4,17:48,19:02,47,Station_2,Station_14,10
2023-03-04,Tram,Route_5,09:45,10:56,80,Station_12,Station_16,13
2023-03-04,Tram,Route_4,14:00,15:46,19,Station_13,Station_1,13
2023-03-04,Metro,Route_5,16:12,16:25,35,Station_19,Station_11,9
2023-03-04,Metro,Route_9,17:06,18:14,22,Station_9,Station_4,15
2023-03-04,Bus,Route_5,18:29,20:33,33,Station_10,Station_19,10
2023-03-04,Train,Route_4,20:09,21:44,20,Station_9,Station_8,13
2023-03-04,Metro,Route_8,15:47,17:33,34,Station_3,Station_18,11
2023-03-04,Tram,Route_4,08:10,09:50,82,Station_19,Station_14,6
2023-03-04,Train,Route_6,22:56,23:50,50,Station_10,Station_5,10
2023-03-04,Tram,Route_10,15:33,15:57,33,Station_2,Station_12,1
2023-03-04,Metro,Route_6,20:22,21:07,27,Station_6,Station_13,10
2023-03-04,Tram,Route_1,12:38,14:41,71,Station_7,Station_4,6
2023-03-05,Tram,Route_4,19:27,21:20,32,Station_4,Station_4,42
2023-03-05,Bus,Route_1,22:15,25:12,66,Station_8,Station_13,66
2023-03-05,Metro,Route_5,18:04,20:29,69,Station_20,Station_7,60
2023-03-05,Tram,Route_5,05:39,06:57,95,Station_7,Station_16,39
2023-03-05,Tram,Route_4,21:30,23:52,58,Station_19,Station_6,31
2023-03-05,Tram,Route_3,18:37,20:10,81,Station_9,Station_10,20
2023-03-05,Bus,Route_3,05:46,07:58,53,Station_5,Station_19,52
2023-03-05,Tram,Route_6,10:40,13:16,90,Station_20,Station_2,40
2023-03-05,Metro,Route_2,10:27,12:22,83,Station_1,Station_3,40
2023-03-05,Bus,Route_9,12:07,14:18,6,Station_16,Station_17,26
2023-03-05,Bus,Route_5,12:04,13:13,54,Station_9,Station_4,68
2023-03-05,Train,Route_3,06:17,07:21,10,Station_13,Station_18,25
2023-03-05,Train,Route_7,21:22,21:46,81,Station_7,Station_13,21
2023-03-05,Train,Route_9,12:24,14:52,11,Station_17,Station_4,44
2023-03-05,Tram,Route_2,13:09,14:20,85,Station_2,Station_18,49
2023-03-05,Metro,Route_4,09:14,10:52,1,Station_15,Station_4,26
2023-03-05,Tram,Route_8,20:47,21:22,75,Station_1,Station_5,23
2023-03-05,Tram,Route_9,17:13,19:17,74,Station_10,Station_8,59
2023-03-05,Metro,Route_8,21:33,24:00,78,Station_12,Station_18,33
2023-03-05,Metro,Route_8,10:09,12:07,66,Station_7,Station_6,27
2023-03-05,Train,Route_6,12:32,13:30,3,Station_13,Station_5,57
2023-03-05,Metro,Route_9,15:50,16:42,71,Station_4,Station_1,41
2023-03-05,Train,Route_10,15:32,17:08,74,Station_2,Station_8,28
2023-03-05,Metro,Route_3,06:53,07:45,52,Station_17,Station_7,48
2023-03-05,Bus,Route_1,17:55,18:51,87,Station_17,Station_1,37
2023-03-05,Bus,Route_8,11:23,12:18,98,Station_13,Station_6,37
2023-03-05,Metro,Route_9,09:11,10:08,11,Station_13,Station_9,46
2023-03-05,Train,Route_4,16:26,18:15,24,Station_7,Station_12,17
2023-03-05,Tram,Route_10,07:10,09:20,55,Station_6,Station_2,48
2023-03-05,Tram,Route_5,05:08,06:46,51,Station_7,Station_7,42
2023-03-05,Tram,Route_3,22:19,24:25,11,Station_5,Station_11,28
2023-03-05,Train,Route_3,12:06,13:57,95,Station_1,Station_7,55
2023-03-06,Train,Route_2,21:49,23:12,57,Station_14,Station_12,1
2023-03-06,Bus,Route_9,11:08,13:21,67,Station_17,Station_1,14
2023-03-06,Metro,Route_8,17:56,18:56,12,Station_10,Station_12,8
2023-03-06,Train,Route_6,05:44,06:19,61,Station_16,Station_20,12
2023-03-06,Metro,Route_5,10:17,11:18,17,Station_5,Station_18,7
2023-03-06,Metro,Route_1,08:56,09:16,94,Station_1,Station_4,1
2023-03-06,Train,Route_6,07:42,08:27,62,Station_4,Station_19,14
2023-03-06,Train,Route_6,08:35,09:22,8,Station_1,Station_11,13
2023-03-06,Bus,Route_2,19:21,20:15,36,Station_8,Station_19,7
2023-03-06,Tram,Route_2,18:42,19:07,17,Station_19,Station_6,5
2023-03-06,Tram,Route_6,19:59,20:29,79,Station_14,Station_6,8
2023-03-06,Train,Route_9,15:28,16:49,88,Station_6,Station_17,3
2023-03-06,Bus,Route_5,07:05,08:13,9,Station_19,Station_14,2
2023-03-06,Train,Route_4,09:23,11:27,28,Station_9,Station_16,6
2023-03-06,Tram,Route_2,20:47,21:15,28,Station_20,Station_1,4
2023-03-06,Bus,Route_8,10:21,10:49,50,Station_11,Station_6,7
2023-03-06,Bus,Route_4,11:48,12:28,13,Station_8,Station_13,14
2023-03-06,Tram,Route_6,12:45,13:50,37,Station_13,Station_20,2
2023-03-06,Metro,Route_8,15:47,17:49,67,Station_7,Station_3,6
2023-03-06,Tram,Route_8,16:46,17:47,98,Station_12,Station_16,4
2023-03-06,Metro,Route_2,15:16,17:11,81,Station_9,Station_10,12
2023-03-06,Train,Route_9,22:14,24:11,77,Station_4,Station_4,11
2023-03-06,Metro,Route_7,09:27,11:11,21,Station_20,Station_1,10
2023-03-06,Bus,Route_4,03:12,03:32,54,Station_18,Station_14,0
2023-03-06,Train,Route_1,13:10,14:01,3,Station_8,Station_19,6
2023-03-06,Tram,Route_10,10:17,11:49,12,Station_11,Station_13,8
2023-03-06,Tram,Route_10,08:20,09:38,5,Station_3,Station_5,0
2023-03-06,Metro,Route_4,12:20,13:20,6,Station_16,Station_17,13
2023-03-06,Train,Route_5,05:14,06:02,84,Station_20,Station_11,8
2023-03-06,Bus,Route_9,21:53,23:49,61,Station_2,Station_2,4
2023-03-06,Train,Route_5,09:58,10:57,90,Station_15,Station_2,8
2023-03-06,Bus,Route_4,19:58,21:15,25,Station_14,Station_9,1
2023-03-07,Bus,Route_5,03:24,04:57,69,Station_2,Station_15,14
2023-03-07,Tram,Route_10,12:06,13:23,49,Station_5,Station_9,11
2023-03-07,Tram,Route_7,16:29,17:58,73,Station_7,Station_16,1
2023-03-07,Metro,Route_4,07:52,09:30,54,Station_19,Station_2,10
2023-03-07,Tram,Route_5,14:46,15:04,20,Station_5,Station_19,5
2023-03-07,Tram,Route_9,17:56,19:54,27,Station_3,Station_13,3
2023-03-07,Bus,Route_10,13:55,14:31,4,Station_18,Station_10,0
2023-03-07,Bus,Route_9,22:43,23:26,63,Station_14,Station_10,7
2023-03-07,Bus,Route_6,03:51,05:03,76,Station_15,Station_9,10
2023-03-07,Metro,Route_8,05:51,06:00,95,Station_13,Station_8,4
2023-03-07,Metro,Route_10,05:56,07:06,88,Station_6,Station_6,15
2023-03-07,Metro,Route_6,13:05,14:18,75,Station_19,Station_1,0
2023-03-07,Bus,Route_7,12:10,13:24,72,Station_10,Station_16,9
2023-03-07,Train,Route_1,17:58,19:11,61,Station_16,Station_19,1
2023-03-07,Metro,Route_5,14:29,15:07,14,Station_1,Station_20,3
2023-03-07,Bus,Route_4,10:11,11:52,98,Station_14,Station_9,10
2023-03-07,Bus,Route_7,19:18,21:06,52,Station_7,Station_16,15
2023-03-07,Tram,Route_2,11:50,13:19,69,Station_5,Station_2,9
2023-03-07,Bus,Route_3,20:42,21:35,57,Station_14,Station_3,3
2023-03-07,Tram,Route_3,22:15,23:24,84,Station_5,Station_2,15
2023-03-07,Metro,Route_8,10:24,12:34,90,Station_20,Station_7,10
2023-03-07,Metro,Route_4,06:13,07:39,25,Station_7,Station_8,8
2023-03-07,Tram,Route_1,19:25,20:15,57,Station_19,Station_5,10
2023-03-07,Tram,Route_1,08:08,09:44,48,Station_19,Station_9,9
2023-03-07,Bus,Route_8,13:20,13:53,93,Station_6,Station_20,1
2023-03-07,Metro,Route_8,15:48,16:53,33,Station_13,Station_4,8
2023-03-07,Tram,Route_10,22:11,24:02,28,Station_1,Station_3,7
2023-03-07,Train,Route_9,07:51,08:00,3,Station_3,Station_18,7
2023-03-07,Tram,Route_3,14:07,16:05,74,Station_9,Station_20,7
2023-03-07,Metro,Route_4,11:25,12:21,41,Station_15,Station_17,5
2023-03-07,Train,Route_10,18:25,20:27,53,Station_3,Station_4,13
2023-03-07,Metro,Route_2,22:58,24:56,55,Station_9,Station_4,14
2023-03-08,Train,Route_2,15:20,16:18,6,Station_11,Station_4,3
2023-03-08,Metro,Route_8,13:36,15:24,27,Station_8,Station_11,5
2023-03-08,Train,Route_2,14:18,14:47,53,Station_7,Station_6,6
2023-03-08,Tram,Route_6,21:14,22:24,29,Station_14,Station_8,10
2023-03-08,Metro,Route_8,17:10,18:39,88,Station_7,Station_18,1
2023-03-08,Bus,Route_7,09:53,11:38,61,Station_9,Station_3,4
2023-03-08,Metro,Route_5,14:53,15:59,59,Station_4,Station_1,9
2023-03-08,Train,Route_8,10:09,11:25,49,Station_12,Station_5,1
2023-03-08,Tram,Route_8,09:48,11:54,60,Station_6,Station_4,7
2023-03-08,Tram,Route_5,20:03,20:49,26,Station_17,Station_5,9
2023-03-08,Train,Route_4,11:49,12:32,57,Station_11,Station_8,1
2023-03-08,Tram,Route_1,18:49,19:32,37,Station_9,Station_6,11
2023-03-08,Bus,Route_6,03:30,04:59,72,Station_1,Station_17,10
2023-03-08,Train,Route_5,14:00,15:27,100,Station_4,Station_1,10
2023-03-08,Train,Route_8,20:46,22:17,13,Station_19,Station_8,3
2023-03-08,Tram,Route_4,09:13,09:49,64,Station_15,Station_18,14
2023-03-08,Train,Route_8,07:54,09:29,68,Station_12,Station_3,0
2023-03-08,Tram,Route_5,14:28,16:11,72,Station_2,Station_13,13
2023-03-08,Tram,Route_5,15:44,17:28,64,Station_17,Station_15,12
2023-03-08,Bus,Route_5,14:13,15:10,99,Station_7,Station_2,2
2023-03-08,Train,Route_10,08:31,09:22,87,Station_4,Station_2,14
2023-03-08,Train,Route_6,22:00,22:41,44,Station_19,Station_11,10
2023-03-08,Metro,Route_6,16:30,18:09,37,Station_5,Station_2,13
2023-03-08,Metro,Route_6,08:42,09:21,61,Station_19,Station_17,7
2023-03-08,Train,Route_9,20:17,20:38,24,Station_1,Station_10,0
2023-03-08,Tram,Route_5,06:04,07:44,92,Station_19,Station_8,0
2023-03-08,Metro,Route_2,20:30,22:24,34,Station_18,Station_19,13
2023-03-08,Metro,Route_4,14:10,14:25,23,Station_4,Station_4,3
2023-03-08,Tram,Route_7,12:19,12:54,15,Station_2,Station_3,14
2023-03-08,Bus,Route_1,16:50,17:38,27,Station_2,Station_1,10
2023-03-08,Tram,Route_1,18:37,19:39,77,Station_18,Station_6,15
2023-03-08,Metro,Route_9,11:21,12:19,7,Station_18,Station_6,12
2023-03-09,Metro,Route_2,16:06,18:12,83,Station_7,Station_4,38
2023-03-09,Train,Route_10,09:10,10:55,79,Station_2,Station_4,28
2023-03-09,Train,Route_1,10:39,12:12,55,Station_2,Station_8,66
2023-03-09,Tram,Route_5,20:41,23:16,45,Station_8,Station_20,68
2023-03-09,Bus,Route_1,12:15,14:04,70,Station_9,Station_9,67
2023-03-09,Tram,Route_8,20:00,21:27,13,Station_7,Station_8,33
2023-03-09,Metro,Route_7,06:41,09:26,51,Station_11,Station_2,68
2023-03-09,Bus,Route_9,06:58,09:13,50,Station_3,Station_16,68
2023-03-09,Train,Route_6,18:02,20:32,12,Station_19,Station_19,56
2023-03-09,Train,Route_3,08:35,09:57,18,Station_3,Station_14,51
2023-03-09,Bus,Route_8,13:28,15:31,72,Station_18,Station_16,32
2023-03-09,Tram,Route_6,07:00,07:36,56,Station_9,Station_3,31
2023-03-09,Train,Route_8,07:15,07:58,86,Station_20,Station_9,40
2023-03-09,Bus,Route_7,16:23,17:26,6,Station_4,Station_11,52
2023-03-09,Bus,Route_2,03:12,05:37,34,Station_12,Station_14,51
2023-03-09,Train,Route_2,15:25,17:34,55,Station_9,Station_3,69
2023-03-09,Tram,Route_9,22:57,25:55,25,Station_2,Station_3,66
2023-03-09,Bus,Route_10,07:22,09:35,84,Station_9,Station_9,24
2023-03-09,Bus,Route_1,12:08,12:54,62,Station_15,Station_1,44
2023-03-09,Train,Route_6,16:47,18:43,53,Station_16,Station_20,59
2023-03-09,Bus,Route_8,16:02,18:42,1,Station_4,Station_3,54
2023-03-09,Metro,Route_9,22:37,24:03,68,Station_6,Station_14,52
2023-03-09,Train,Route_5,09:41,11:31,40,Station_14,Station_1,29
2023-03-09,Bus,Route_5,19:38,21:15,30,Station_5,Station_9,30
2023-03-09,Train,Route_6,11:48,14:31,63,Station_13,Station_7,51
2023-03-09,Tram,Route_10,15:39,17:58,20,Station_13,Station_7,42
2023-03-09,Train,Route_9,07:14,09:25,60,Station_9,Station_4,47
2023-03-09,Bus,Route_1,17:51,19:26,97,Station_18,Station_19,33
2023-03-09,Bus,Route_7,09:32,12:03,61,Station_16,Station_20,56
2023-03-09,Bus,Route_2,11:57,12:37,53,Station_7,Station_1,23
2023-03-09,Train,Route_2,21:18,22:11,96,Station_10,Station_8,21
2023-03-09,Bus,Route_8,05:01,06:16,70,Station_9,Station_16,31
2023-03-10,Metro,Route_1,22:52,24:53,7,Station_2,Station_7,3
2023-03-10,Train,Route_5,14:51,14:58,22,Station_7,Station_11,2
2023-03-10,Train,Route_1,20:26,21:26,56,Station_20,Station_16,13
2023-03-10,Bus,Route_7,08:16,09:14,70,Station_15,Station_10,5
2023-03-10,Metro,Route_2,22:42,24:03,83,Station_14,Station_8,2
2023-03-10,Tram,Route_10,22:17,22:49,6,Station_3,Station_9,6
2023-03-10,Tram,Route_7,15:06,15:32,26,Station_16,Station_13,6
2023-03-10,Train,Route_3,13:09,13:38,15,Station_15,Station_5,7
2023-03-10,Tram,Route_9,13:06,13:22,39,Station_10,Station_11,1
2023-03-10,Metro,Route_10,07:44,08:32,26,Station_10,Station_17,12
2023-03-10,Tram,Route_1,07:24,07:40,23,Station_2,Station_2,0
2023-03-10,Train,Route_6,14:10,14:28,72,Station_11,Station_3,15
2023-03-10,Metro,Route_8,22:01,22:47,30,Station_18,Station_9,6
2023-03-10,Train,Route_3,11:08,11:53,94,Station_11,Station_1,11
2023-03-10,Bus,Route_6,09:53,10:35,8,Station_3,Station_14,11
2023-03-10,Bus,Route_4,15:22,16:26,19,Station_8,Station_18,8
2023-03-10,Train,Route_2,07:58,09:44,72,Station_7,Station_15,0
2023-03-10,Tram,Route_6,06:35,07:01,42,Station_18,Station_1,4
2023-03-10,Metro,Route_7,09:22,09:39,83,Station_2,Station_9,13
2023-03-10,Bus,Route_2,13:21,14:32,27,Station_10,Station_2,5
2023-03-10,Tram,Route_1,07:46,09:43,2,Station_12,Station_11,8
2023-03-10,Bus,Route_5,05:34,06:51,26,Station_4,Station_1,1
2023-03-10,Train,Route_7,08:30,09:58,9,Station_8,Station_18,3
2023-03-10,Bus,Route_5,15:52,17:00,59,Station_9,Station_10,13
2023-03-10,Train,Route_7,19:29,20:47,40,Station_12,Station_6,7
2023-03-10,Tram,Route_5,19:46,21:16,16,Station_5,Station_9,0
2023-03-10,Tram,Route_1,19:47,21:29,20,Station_17,Station_5,6
2023-03-10,Bus,Route_10,22:33,23:22,25,Station_13,Station_17,9
2023-03-10,Tram,Route_3,20:46,22:05,4,Station_14,Station_16,4
2023-03-10,Tram,Route_6,12:18,13:34,64,Station_17,Station_2,0
2023-03-10,Tram,Route_8,10:56,11:43,34,Station_9,Station_5,2
2023-03-10,Metro,Route_7,14:53,15:25,88,Station_17,Station_17,4
2023-03-11,Tram,Route_10,13:47,14:40,92,Station_17,Station_4,10
2023-03-11,Metro,Route_2,19:03,20:45,90,Station_2,Station_2,14
2023-03-11,Bus,Route_1,16:48,18:06,24,Station_18,Station_16,11
2023-03-11,Tram,Route_9,11:06,12:40,57,Station_1,Station_11,5
2023-03-11,Train,Route_2,07:36,08:19,14,Station_8,Station_16,4
2023-03-11,Bus,Route_1,11:24,11:53,72,Station_19,Station_2,14
2023-03-11,Bus,Route_7,09:24,10:00,26,Station_20,Station_11,10
2023-03-11,Tram,Route_4,18:12,20:13,39,Station_16,Station_2,8
2023-03-11,Bus,Route_1,17:17,18:44,54,Station_4,Station_1,3
2023-03-11,Bus,Route_10,10:11,10:35,53,Station_1,Station_7,8
2023-03-11,Bus,Route_8,03:12,04:50,45,Station_19,Station_19,2
2023-03-11,Train,Route_7,15:10,15:20,49,Station_17,Station_5,8
2023-03-11,Bus,Route_9,09:37,10:21,36,Station_12,Station_4,12
2023-03-11,Bus,Route_2,17:19,18:58,8,Station_5,Station_16,4
2023-03-11,Metro,Route_3,18:19,19:49,7,Station_8,Station_4,11
2023-03-11,Metro,Route_2,16:50,17:49,51,Station_8,Station_1,7
2023-03-11,Tram,Route_4,14:58,15:38,90,Station_4,Station_4,8
2023-03-11,Bus,Route_4,16:35,18:19,77,Station_4,Station_15,14
2023-03-11,Bus,Route_3,15:14,16:45,30,Station_19,Station_14,2
2023-03-11,Train,Route_2,10:16,11:20,85,Station_18,Station_12,13
2023-03-11,Metro,Route_1,12:51,14:54,51,Station_10,Station_8,13
2023-03-11,Metro,Route_5,21:07,23:17,16,Station_10,Station_12,14
2023-03-11,Tram,Route_4,05:33,07:35,36,Station_14,Station_17,8
2023-03-11,Train,Route_10,09:58,11:55,35,Station_11,Station_8,2
2023-03-11,Metro,Route_10,12:33,14:18,7,Station_9,Station_20,12
2023-03-11,Tram,Route_4,08:44,09:19,28,Station_6,Station_8,3
2023-03-11,Bus,Route_3,16:19,17:07,64,Station_13,Station_19,0
2023-03-11,Train,Route_4,11:59,13:55,80,Station_5,Station_12,13
2023-03-11,Bus,Route_3,12:12,13:19,62,Station_14,Station_20,8
2023-03-11,Train,Route_6,11:34,11:55,83,Station_5,Station_17,8
2023-03-11,Bus,Route_3,13:06,14:02,59,Station_9,Station_10,6
2023-03-11,Bus,Route_4,08:55,09:15,31,Station_11,Station_11,9
2023-03-12,Bus,Route_6,08:18,08:39,75,Station_8,Station_5,5
2023-03-12,Bus,Route_7,22:10,22:20,39,Station_15,Station_6,0
2023-03-12,Metro,Route_1,15:50,16:56,53,Station_6,Station_4,2
2023-03-12,Bus,Route_7,06:56,08:30,54,Station_5,Station_12,10
2023-03-12,Bus,Route_10,16:25,17:44,55,Station_4,Station_4,5
2023-03-12,Tram,Route_9,11:21,12:44,11,Station_14,Station_7,0
2023-03-12,Bus,Route_5,20:42,22:13,81,Station_6,Station_2,11
2023-03-12,Train,Route_6,08:25,10:27,16,Station_10,Station_19,8
2023-03-12,Train,Route_6,20:16,21:31,85,Station_6,Station_9,13
2023-03-12,Bus,Route_6,18:08,19:09,43,Station_8,Station_18,9
2023-03-12,Metro,Route_10,21:18,21:58,2,Station_13,Station_7,6
2023-03-12,Bus,Route_9,14:12,14:17,57,Station_13,Station_1,4
2023-03-12,Tram,Route_3,18:35,20:11,91,Station_5,Station_19,15
2023-03-12,Tram,Route_5,16:58,19:07,24,Station_4,Station_14,11
2023-03-12,Train,Route_10,18:49,19:11,12,Station_4,Station_4,1
2023-03-12,Bus,Route_6,08:58,09:38,62,Station_15,Station_12,6
2023-03-12,Train,Route_4,15:12,15:35,7,Station_18,Station_14,2
2023-03-12,Metro,Route_9,09:47,09:51,24,Station_13,Station_19,0
2023-03-12,Train,Route_6,11:24,13:27,84,Station_8,Station_17,8
2023-03-12,Metro,Route_9,07:12,08:51,59,Station_13,Station_11,8
2023-03-12,Metro,Route_5,05:49,06:36,12,Station_4,Station_12,13
2023-03-12,Train,Route_10,07:48,08:29,32,Station_3,Station_12,6
2023-03-12,Tram,Route_1,07:35,09:15,51,Station_17,Station_16,11
2023-03-12,Metro,Route_6,17:47,18:51,57,Station_17,Station_12,7
2023-03-12,Metro,Route_8,10:46,11:18,70,Station_15,Station_14,14
2023-03-12,Metro,Route_3,13:15,13:45,82,Station_8,Station_4,2
2023-03-12,Metro,Route_3,16:14,17:48,16,Station_1,Station_10,8
2023-03-12,Bus,Route_9,15:17,16:57,31,Station_2,Station_4,2
2023-03-12,Train,Route_8,08:34,10:00,75,Station_17,Station_2,6
2023-03-12,Metro,Route_5,20:46,22:00,87,Station_16,Station_17,2
2023-03-12,Bus,Route_6,08:03,10:08,15,Station_3,Station_8,7
2023-03-12,Train,Route_5,21:03,21:37,54,Station_13,Station_5,2
2023-03-13,Metro,Route_1,22:53,24:21,90,Station_17,Station_4,22
2023-03-13,Train,Route_6,10:57,12:21,17,Station_6,Station_3,17
2023-03-13,Train,Route_10,17:55,19:02,64,Station_18,Station_10,63
2023-03-13,Tram,Route_10,20:06,21:57,27,Station_16,Station_13,33
2023-03-13,Train,Route_8,12:39,13:58,57,Station_12,Station_8,32
2023-03-13,Train,Route_9,07:22,09:32,56,Station_12,Station_3,59
2023-03-13,Metro,Route_8,19:40,21:53,88,Station_2,Station_11,52
2023-03-13,Metro,Route_5,13:47,15:15,67,Station_11,Station_10,70
2023-03-13,Bus,Route_5,18:13,20:08,89,Station_19,Station_9,61
2023-03-13,Metro,Route_9,05:11,06:57,83,Station_13,Station_4,18
2023-03-13,Tram,Route_1,11:28,13:27,23,Station_17,Station_2,38
2023-03-13,Train,Route_2,22:32,24:56,30,Station_14,Station_16,51
2023-03-13,Metro,Route_7,07:27,09:45,40,Station_8,Station_6,65
2023-03-13,Train,Route_1,18:35,21:24,20,Station_19,Station_5,51
2023-03-13,Train,Route_3,16:21,18:49,73,Station_5,Station_15,56
2023-03-13,Bus,Route_2,09:13,10:08,47,Station_14,Station_14,39
2023-03-13,Train,Route_6,07:19,08:01,93,Station_6,Station_8,31
2023-03-13,Train,Route_10,11:16,13:37,13,Station_1,Station_13,38
2023-03-13,Tram,Route_3,18:09,19:42,34,Station_5,Station_7,21
2023-03-13,Bus,Route_6,11:15,13:32,55,Station_12,Station_13,33
2023-03-13,Train,Route_10,14:30,17:23,78,Station_2,Station_13,57
2023-03-13,Tram,Route_7,14:41,15:38,13,Station_15,Station_17,29
2023-03-13,Train,Route_9,13:12,14:39,17,Station_9,Station_15,43
2023-03-13,Metro,Route_4,14:51,17:39,21,Station_7,Station_11,56
2023-03-13,Train,Route_8,12:08,13:09,47,Station_14,Station_18,48
2023-03-13,Tram,Route_8,07:05,09:01,39,Station_6,Station_12,23
2023-03-13,Bus,Route_5,09:59,12:28,69,Station_4,Station_19,50
2023-03-13,Train,Route_6,09:23,11:55,77,Station_2,Station_12,41
2023-03-13,Train,Route_9,05:12,06:59,54,Station_6,Station_17,40
2023-03-13,Bus,Route_4,17:00,18:51,37,Station_14,Station_7,41
2023-03-13,Train,Route_2,07:29,08:28,91,Station_13,Station_7,44
2023-03-13,Bus,Route_7,22:17,24:49,83,Station_14,Station_4,63
2023-03-14,Train,Route_4,21:19,22:18,83,Station_9,Station_6,14
2023-03-14,Train,Route_4,09:09,10:42,75,Station_14,Station_12,0
2023-03-14,Tram,Route_3,20:37,22:30,78,Station_6,Station_17,15
2023-03-14,Train,Route_1,13:20,14:53,48,Station_6,Station_6,12
2023-03-14,Train,Route_7,11:38,12:05,36,Station_7,Station_8,13
2023-03-14,Metro,Route_6,15:46,16:12,32,Station_5,Station_13,5
2023-03-14,Train,Route_8,21:18,22:01,75,Station_18,Station_9,11
2023-03-14,Train,Route_5,21:25,22:30,46,Station_8,Station_11,4
2023-03-14,Metro,Route_2,09:43,10:58,9,Station_19,Station_8,13
2023-03-14,Bus,Route_1,16:41,18:34,47,Station_8,Station_1,8
2023-03-14,Bus,Route_4,22:57,24:59,91,Station_16,Station_11,14
2023-03-14,Tram,Route_10,12:27,13:09,27,Station_19,Station_8,0
2023-03-14,Bus,Route_7,09:18,09:44,44,Station_3,Station_6,7
2023-03-14,Tram,Route_3,16:47,16:53,73,Station_12,Station_1,2
2023-03-14,Metro,Route_1,05:12,07:20,54,Station_4,Station_1,11
2023-03-14,Metro,Route_3,15:21,16:45,18,Station_7,Station_11,1
2023-03-14,Tram,Route_9,14:43,16:04,7,Station_16,Station_15,2
2023-03-14,Metro,Route_9,05:29,05:59,93,Station_8,Station_19,9
2023-03-14,Metro,Route_4,12:19,12:57,26,Station_8,Station_17,4
2023-03-14,Tram,Route_2,15:53,16:44,26,Station_6,Station_3,4
2023-03-14,Tram,Route_1,19:45,21:06,31,Station_5,Station_17,14
2023-03-14,Metro,Route_3,07:22,09:21,77,Station_1,Station_3,9
2023-03-14,Train,Route_10,16:06,16:37,39,Station_12,Station_8,6
2023-03-14,Tram,Route_2,18:08,19:23,56,Station_7,Station_4,5
2023-03-14,Bus,Route_5,19:17,19:41,78,Station_5,Station_17,9
2023-03-14,Train,Route_4,13:38,14:07,81,Station_19,Station_1,9
2023-03-14,Train,Route_6,08:47,10:34,46,Station_11,Station_5,10
2023-03-14,Tram,Route_10,09:10,10:51,46,Station_13,Station_13,4
2023-03-14,Train,Route_7,11:27,12:55,28,Station_3,Station_16,8
2023-03-14,Train,Route_9,11:03,12:07,95,Station_2,Station_12,13
2023-03-14,Train,Route_9,05:45,07:46,88,Station_13,Station_20,4
2023-03-14,Bus,Route_7,10:26,12:29,26,Station_12,Station_10,3
2023-03-15,Tram,Route_3,12:06,13:57,6,Station_4,Station_5,11
2023-03-15,Metro,Route_7,22:17,24:19,3,Station_6,Station_12,9
2023-03-15,Tram,Route_1,15:08,17:01,83,Station_19,Station_15,5
2023-03-15,Bus,Route_4,21:18,22:26,93,Station_16,Station_8,14
2023-03-15,Tram,Route_3,10:00,11:57,40,Station_6,Station_13,7
2023-03-15,Bus,Route_3,20:27,21:18,73,Station_20,Station_11,15
2023-03-15,Metro,Route_3,15:32,15:59,50,Station_12,Station_11,8
2023-03-15,Bus,Route_9,08:09,08:47,19,Station_6,Station_3,15
2023-03-15,Metro,Route_1,22:39,24:00,62,Station_14,Station_4,4
2023-03-15,Train,Route_8,13:00,13:30,68,Station_12,Station_8,13
2023-03-15,Bus,Route_1,08:27,09:32,20,Station_8,Station_20,15
2023-03-15,Metro,Route_2,07:38,09:14,61,Station_8,Station_6,1
2023-03-15,Train,Route_1,13:24,14:21,94,Station_18,Station_16,3
2023-03-15,Train,Route_5,08:39,10:23,17,Station_14,Station_18,11
2023-03-15,Train,Route_4,21:20,21:31,72,Station_2,Station_19,1
2023-03-15,Tram,Route_5,08:36,09:41,20,Station_10,Station_10,7
2023-03-15,Bus,Route_2,05:36,06:21,10,Station_2,Station_10,4
2023-03-15,Train,Route_6,16:23,18:11,45,Station_8,Station_4,0
2023-03-15,Train,Route_3,12:34,13:21,87,Station_17,Station_19,5
2023-03-15,Tram,Route_1,12:19,14:17,86,Station_14,Station_2,14
2023-03-15,Train,Route_5,18:06,18:36,52,Station_4,Station_1,1
2023-03-15,Metro,Route_5,22:54,24:34,88,Station_5,Station_19,4
2023-03-15,Bus,Route_6,05:48,06:44,15,Station_3,Station_16,9
2023-03-15,Bus,Route_9,19:07,20:42,36,Station_19,Station_5,15
2023-03-15,Tram,Route_3,08:27,09:55,87,Station_10,Station_2,11
2023-03-15,Metro,Route_4,06:13,07:54,63,Station_1,Station_5,15
2023-03-15,Metro,Route_8,19:30,20:27,47,Station_11,Station_9,6
2023-03-15,Bus,Route_6,12:39,13:36,37,Station_1,Station_14,0
2023-03-15,Tram,Route_4,19:48,20:01,22,Station_9,Station_8,12
2023-03-15,Tram,Route_9,09:04,10:57,89,Station_4,Station_10,8
2023-03-15,Metro,Route_9,11:59,12:52,67,Station_18,Station_16,15
2023-03-15,Train,Route_2,13:42,15:24,50,Station_6,Station_7,7
2023-03-16,Tram,Route_1,12:05,12:35,25,Station_12,Station_19,7
2023-03-16,Train,Route_4,06:50,07:24,42,Station_5,Station_12,4
2023-03-16,Tram,Route_3,15:34,16:36,11,Station_9,Station_15,3
2023-03-16,Train,Route_7,08:45,10:46,16,Station_14,Station_18,7
2023-03-16,Tram,Route_6,08:49,10:50,32,Station_15,Station_5,8
2023-03-16,Tram,Route_6,05:07,06:15,47,Station_11,Station_10,13
2023-03-16,Bus,Route_2,13:21,15:16,60,Station_2,Station_11,11
2023-03-16,Metro,Route_10,10:58,12:27,7,Station_17,Station_6,12
2023-03-16,Train,Route_3,07:18,07:23,100,Station_17,Station_1,0
2023-03-16,Tram,Route_7,07:11,09:08,33,Station_6,Station_18,15
2023-03-16,Metro,Route_4,13:57,15:53,59,Station_18,Station_9,8
2023-03-16,Train,Route_2,05:19,07:13,18,Station_19,Station_15,1
2023-03-16,Bus,Route_4,03:26,04:34,87,Station_18,Station_4,13
2023-03-16,Bus,Route_1,19:00,19:30,55,Station_12,Station_15,7
2023-03-16,Train,Route_9,17:26,18:09,26,Station_14,Station_2,12
2023-03-16,Metro,Route_8,06:24,07:15,42,Station_7,Station_18,14
2023-03-16,Tram,Route_1,22:00,23:34,43,Station_17,Station_18,5
2023-03-16,Metro,Route_7,22:39,24:29,83,Station_19,Station_19,4
2023-03-16,Train,Route_3,16:38,18:20,32,Station_20,Station_12,11
2023-03-16,Metro,Route_2,18:02,19:38,60,Station_3,Station_8,6
2023-03-16,Tram,Route_8,19:48,21:20,25,Station_20,Station_10,0
2023-03-16,Bus,Route_4,14:04,15:49,99,Station_10,Station_3,8
2023-03-16,Train,Route_1,13:44,15:00,26,Station_8,Station_8,1
2023-03-16,Tram,Route_2,08:14,08:45,12,Station_6,Station_5,1
2023-03-16,Metro,Route_7,13:17,14:59,74,Station_6,Station_20,2
2023-03-16,Tram,Route_9,11:33,13:04,12,Station_12,Station_8,14
2023-03-16,Metro,Route_4,06:55,08:23,29,Station_3,Station_17,0
2023-03-16,Tram,Route_3,12:52,13:44,26,Station_3,Station_1,13
2023-03-16,Tram,Route_5,05:10,06:34,13,Station_19,Station_7,12
2023-03-16,Metro,Route_6,11:36,13:08,81,Station_6,Station_4,10
2023-03-16,Train,Route_4,17:07,19:18,26,Station_7,Station_11,13
2023-03-16,Tram,Route_6,07:09,07:33,71,Station_9,Station_19,13
2023-03-17,Tram,Route_5,14:25,14:42,63,Station_10,Station_10,14
2023-03-17,Bus,Route_1,16:35,17:14,30,Station_10,Station_20,0
2023-03-17,Bus,Route_10,05:54,06:49,28,Station_17,Station_16,9
2023-03-17,Metro,Route_5,10:35,11:15,31,Station_1,Station_14,0
2023-03-17,Train,Route_3,07:39,08:00,25,Station_8,Station_1,2
2023-03-17,Train,Route_3,05:04,06:41,93,Station_15,Station_18,8
2023-03-17,Bus,Route_8,22:38,23:49,14,Station_6,Station_4,4
2023-03-17,Tram,Route_10,11:04,11:45,94,Station_15,Station_2,15
2023-03-17,Metro,Route_7,06:30,06:52,93,Station_4,Station_11,3
2023-03-17,Bus,Route_1,19:21,21:27,15,Station_10,Station_10,9
2023-03-17,Tram,Route_4,11:07,11:54,33,Station_10,Station_8,1
2023-03-17,Metro,Route_5,11:50,13:40,63,Station_12,Station_9,14
2023-03-17,Train,Route_10,17:58,19:50,14,Station_8,Station_17,1
2023-03-17,Metro,Route_6,10:34,10:41,90,Station_7,Station_18,6
2023-03-17,Metro,Route_7,05:49,07:33,46,Station_4,Station_3,14
2023-03-17,Metro,Route_4,08:44,09:40,80,Station_6,Station_7,4
2023-03-17,Train,Route_5,05:03,05:52,34,Station_16,Station_4,15
2023-03-17,Tram,Route_3,05:15,07:08,19,Station_1,Station_4,11
2023-03-17,Tram,Route_3,17:44,19:12,54,Station_17,Station_19,9
2023-03-17,Bus,Route_7,21:34,21:50,53,Station_14,Station_2,5
2023-03-17,Tram,Route_6,09:10,10:31,72,Station_17,Station_15,11
2023-03-17,Tram,Route_5,22:21,23:12,53,Station_18,Station_5,5
2023-03-17,Metro,Route_9,15:14,16:15,76,Station_15,Station_10,5
2023-03-17,Metro,Route_4,05:03,07:04,96,Station_12,Station_10,9
2023-03-17,Bus,Route_8,16:43,18:32,45,Station_8,Station_11,15
2023-03-17,Bus,Route_3,09:17,09:57,9,Station_1,Station_10,14
2023-03-17,Bus,Route_10,21:18,22:55,22,Station_17,Station_2,2
2023-03-17,Tram,Route_9,12:23,12:52,39,Station_7,Station_16,1
2023-03-17,Metro,Route_9,18:04,18:18,40,Station_20,Station_20,9
2023-03-17,Metro,Route_7,15:01,15:13,7,Station_2,Station_12,2
2023-03-17,Metro,Route_9,11:31,12:31,66,Station_15,Station_8,3
2023-03-17,Metro,Route_9,07:34,08:32,33,Station_13,Station_10,1
2023-03-18,Bus,Route_10,20:06,22:44,6,Station_10,Station_20,39
2023-03-18,Metro,Route_10,15:21,16:21,58,Station_3,Station_4,48
2023-03-18,Bus,Route_1,21:03,23:09,5,Station_20,Station_8,18
2023-03-18,Metro,Route_4,07:29,10:03,79,Station_15,Station_11,61
2023-03-18,Metro,Route_6,19:15,21:28,13,Station_1,Station_20,39
2023-03-18,Train,Route_9,21:40,24:20,49,Station_6,Station_12,42
2023-03-18,Train,Route_10,21:55,23:37,57,Station_12,Station_7,52
2023-03-18,Metro,Route_4,08:54,10:51,57,Station_16,Station_7,38
2023-03-18,Tram,Route_3,14:27,17:08,68,Station_11,Station_17,71
2023-03-18,Train,Route_4,09:55,12:02,70,Station_1,Station_11,72
2023-03-18,Bus,Route_2,13:10,13:57,34,Station_2,Station_7,24
2023-03-18,Metro,Route_7,08:27,10:00,50,Station_17,Station_8,49
2023-03-18,Train,Route_7,06:27,07:22,83,Station_14,Station_19,31
2023-03-18,Bus,Route_1,08:16,08:53,55,Station_4,Station_5,32
2023-03-18,Tram,Route_9,09:32,11:31,48,Station_1,Station_14,48
2023-03-18,Bus,Route_6,03:31,05:31,49,Station_16,Station_17,61
2023-03-18,Metro,Route_1,11:06,12:53,7,Station_20,Station_10,40
2023-03-18,Train,Route_9,11:35,13:01,43,Station_20,Station_6,26
2023-03-18,Train,Route_7,21:45,23:02,5,Station_11,Station_1,55
2023-03-18,Bus,Route_10,22:46,24:01,50,Station_2,Station_20,56
2023-03-18,Bus,Route_8,10:32,11:40,5,Station_11,Station_14,56
2023-03-18,Train,Route_3,16:31,18:45,17,Station_16,Station_18,36
2023-03-18,Train,Route_7,18:47,20:58,70,Station_11,Station_19,64
2023-03-18,Bus,Route_1,08:25,10:05,68,Station_1,Station_20,27
2023-03-18,Metro,Route_4,17:58,20:26,53,Station_6,Station_20,43
2023-03-18,Bus,Route_6,12:00,13:51,43,Station_1,Station_17,35
2023-03-18,Metro,Route_5,15:31,16:56,6,Station_20,Station_4,56
2023-03-18,Tram,Route_7,22:26,23:12,76,Station_3,Station_6,30
2023-03-18,Train,Route_7,16:50,18:38,64,Station_20,Station_11,24
2023-03-18,Metro,Route_4,07:33,09:12,71,Station_6,Station_9,35
2023-03-18,Train,Route_5,06:38,08:07,17,Station_11,Station_7,49
2023-03-18,Tram,Route_3,17:39,19:54,45,Station_18,Station_16,41
2023-03-19,Train,Route_1,13:14,14:36,35,Station_6,Station_7,13
2023-03-19,Tram,Route_3,17:06,18:49,68,Station_6,Station_17,14
2023-03-19,Metro,Route_3,05:09,07:20,65,Station_8,Station_3,12
2023-03-19,Bus,Route_7,06:37,07:09,4,Station_4,Station_7,12
2023-03-19,Bus,Route_1,13:22,15:18,79,Station_12,Station_8,5
2023-03-19,Bus,Route_7,12:56,14:58,84,Station_13,Station_19,13
2023-03-19,Train,Route_2,19:28,21:14,99,Station_18,Station_11,13
2023-03-19,Tram,Route_2,22:36,24:20,50,Station_6,Station_14,8
2023-03-19,Metro,Route_4,19:30,20:27,2,Station_11,Station_1,6
2023-03-19,Bus,Route_4,15:22,16:10,64,Station_20,Station_3,12
2023-03-19,Tram,Route_3,08:43,09:27,72,Station_17,Station_9,12
2023-03-19,Metro,Route_8,10:21,10:45,25,Station_7,Station_3,3
2023-03-19,Metro,Route_7,22:54,23:26,37,Station_19,Station_3,15
2023-03-19,Metro,Route_5,18:16,19:25,80,Station_14,Station_3,15
2023-03-19,Train,Route_1,20:43,20:55,46,Station_5,Station_10,7
2023-03-19,Train,Route_9,16:50,18:17,31,Station_10,Station_18,15
2023-03-19,Train,Route_3,09:54,10:23,72,Station_2,Station_8,10
2023-03-19,Bus,Route_3,16:40,17:01,76,Station_6,Station_18,6
2023-03-19,Bus,Route_10,16:26,17:39,67,Station_3,Station_6,7
2023-03-19,Tram,Route_10,09:59,10:24,5,Station_6,Station_5,11
2023-03-19,Tram,Route_1,06:38,07:17,4,Station_1,Station_7,15
2023-03-19,Bus,Route_2,16:43,17:46,37,Station_13,Station_17,1
2023-03-19,Train,Route_9,12:57,13:32,48,Station_16,Station_5,12
2023-03-19,Metro,Route_3,22:40,23:39,74,Station_16,Station_14,7
2023-03-19,Metro,Route_3,19:32,20:13,58,Station_4,Station_8,12
2023-03-19,Metro,Route_6,22:48,23:50,24,Station_11,Station_20,11
2023-03-19,Metro,Route_1,05:50,06:32,67,Station_10,Station_11,3
2023-03-19,Metro,Route_10,21:44,22:49,38,Station_4,Station_6,9
2023-03-19,Bus,Route_10,20:25,21:09,36,Station_17,Station_11,15
2023-03-19,Tram,Route_5,22:16,22:49,33,Station_17,Station_16,4
2023-03-19,Tram,Route_1,15:06,15:59,5,Station_16,Station_1,6
2023-03-19,Bus,Route_9,22:45,23:21,23,Station_8,Station_8,7
2023-03-20,Tram,Route_10,13:19,15:06,1,Station_1,Station_1,4
2023-03-20,Tram,Route_3,18:16,19:16,85,Station_2,Station_7,6
2023-03-20,Bus,Route_7,14:21,15:29,97,Station_7,Station_16,12
2023-03-20,Tram,Route_1,21:08,22:56,100,Station_19,Station_11,1
2023-03-20,Train,Route_7,15:41,17:06,88,Station_1,Station_3,12
2023-03-20,Tram,Route_8,09:22,10:43,8,Station_6,Station_13,11
2023-03-20,Tram,Route_6,12:30,14:14,32,Station_1,Station_7,12
2023-03-20,Tram,Route_2,08:34,10:31,65,Station_2,Station_4,15
2023-03-20,Train,Route_4,08:06,08:25,89,Station_3,Station_5,3
2023-03-20,Train,Route_8,21:50,22:20,97,Station_5,Station_4,0
2023-03-20,Metro,Route_8,08:12,10:26,51,Station_17,Station_20,14
2023-03-20,Tram,Route_7,17:05,18:01,69,Station_10,Station_11,14
2023-03-20,Tram,Route_7,19:03,19:47,3,Station_20,Station_15,10
2023-03-20,Metro,Route_10,19:02,19:33,55,Station_2,Station_5,5
2023-03-20,Tram,Route_7,08:01,09:25,77,Station_15,Station_2,5
2023-03-20,Train,Route_2,09:43,11:43,11,Station_1,Station_15,10
2023-03-20,Tram,Route_4,05:27,07:01,47,Station_14,Station_13,13
2023-03-20,Metro,Route_9,22:55,23:50,9,Station_11,Station_18,8
2023-03-20,Train,Route_5,20:32,21:08,1,Station_13,Station_15,7
2023-03-20,Metro,Route_3,05:33,07:31,67,Station_15,Station_20,4
2023-03-20,Tram,Route_4,11:04,12:54,26,Station_16,Station_7,1
2023-03-20,Train,Route_1,07:10,09:17,47,Station_15,Station_5,11
2023-03-20,Tram,Route_7,19:59,20:26,37,Station_2,Station_8,10
2023-03-20,Bus,Route_3,07:38,08:27,87,Station_9,Station_1,15
2023-03-20,Bus,Route_6,10:11,11:50,74,Station_8,Station_16,11
2023-03-20,Train,Route_4,13:28,14:25,57,Station_20,Station_3,7
2023-03-20,Train,Route_9,16:48,18:09,44,Station_20,Station_20,3
2023-03-20,Metro,Route_7,05:36,07:15,78,Station_14,Station_16,4
2023-03-20,Train,Route_3,05:24,07:26,47,Station_15,Station_16,13
2023-03-20,Train,Route_1,17:57,19:18,28,Station_18,Station_6,14
2023-03-20,Bus,Route_1,08:23,09:16,26,Station_9,Station_1,4
2023-03-20,Tram,Route_9,08:27,09:53,69,Station_3,Station_2,15
2023-03-21,Metro,Route_2,10:49,12:24,10,Station_14,Station_7,15
2023-03-21,Train,Route_1,19:13,20:10,7,Station_12,Station_7,2
2023-03-21,Metro,Route_7,20:09,21:03,67,Station_2,Station_10,7
2023-03-21,Bus,Route_9,10:34,12:10,73,Station_13,Station_16,9
2023-03-21,Bus,Route_4,08:02,08:38,42,Station_10,Station_17,10
2023-03-21,Train,Route_5,18:40,19:21,21,Station_16,Station_2,8
2023-03-21,Train,Route_1,09:36,10:17,38,Station_9,Station_14,7
2023-03-21,Train,Route_1,18:56,19:31,60,Station_6,Station_8,7
2023-03-21,Bus,Route_9,11:52,12:35,4,Station_2,Station_1,13
2023-03-21,Metro,Route_3,21:46,23:19,10,Station_4,Station_10,1
2023-03-21,Train,Route_4,18:01,19:22,44,Station_11,Station_9,5
2023-03-21,Bus,Route_6,09:43,11:41,85,Station_16,Station_4,1
2023-03-21,Tram,Route_4,18:44,19:38,4,Station_12,Station_4,13
2023-03-21,Metro,Route_4,19:23,20:04,40,Station_20,Station_7,12
2023-03-21,Metro,Route_5,13:20,14:31,2,Station_12,Station_6,10
2023-03-21,Train,Route_2,08:48,09:54,74,Station_7,Station_4,4
2023-03-21,Metro,Route_8,15:57,16:11,44,Station_16,Station_3,9
2023-03-21,Bus,Route_6,09:10,09:52,41,Station_5,Station_19,5
2023-03-21,Bus,Route_4,09:32,10:18,29,Station_18,Station_11,8
2023-03-21,Bus,Route_4,08:33,08:58,62,Station_2,Station_16,4
2023-03-21,Train,Route_8,17:36,18:18,60,Station_13,Station_18,2
2023-03-21,Tram,Route_10,09:22,10:34,84,Station_17,Station_11,8
2023-03-21,Metro,Route_1,09:22,11:11,44,Station_8,Station_14,1
2023-03-21,Bus,Route_2,13:22,14:09,3,Station_18,Station_2,14
2023-03-21,Tram,Route_3,20:51,22:16,38,Station_13,Station_4,15
2023-03-21,Metro,Route_4,17:51,18:35,69,Station_7,Station_14,5
2023-03-21,Tram,Route_8,21:24,22:11,58,Station_12,Station_11,14
2023-03-21,Train,Route_9,08:39,09:05,70,Station_1,Station_19,7
2023-03-21,Metro,Route_7,17:48,18:22,17,Station_19,Station_12,4
2023-03-21,Train,Route_7,16:26,16:50,43,Station_8,Station_12,1
2023-03-21,Metro,Route_10,06:18,06:43,6,Station_1,Station_6,0
2023-03-21,Tram,Route_2,14:12,15:45,62,Station_19,Station_2,13
2023-03-22,Metro,Route_7,18:50,19:25,68,Station_5,Station_17,0
2023-03-22,Train,Route_1,15:15,15:47,98,Station_20,Station_3,10
2023-03-22,Bus,Route_2,22:32,24:38,97,Station_18,Station_13,12
2023-03-22,Metro,Route_8,09:27,10:57,56,Station_18,Station_1,10
2023-03-22,Tram,Route_6,16:55,18:41,67,Station_20,Station_14,6
2023-03-22,Metro,Route_3,20:47,22:42,69,Station_3,Station_2,4
2023-03-22,Metro,Route_9,06:26,08:23,19,Station_19,Station_7,9
2023-03-22,Train,Route_1,15:28,17:06,28,Station_6,Station_15,14
2023-03-22,Metro,Route_6,16:40,18:31,85,Station_12,Station_19,10
2023-03-22,Metro,Route_6,16:26,17:09,61,Station_14,Station_19,15
2023-03-22,Tram,Route_9,09:01,11:07,40,Station_18,Station_3,14
2023-03-22,Tram,Route_9,09:24,10:58,1,Station_5,Station_15,13
2023-03-22,Bus,Route_8,09:31,09:38,80,Station_18,Station_11,6
2023-03-22,Metro,Route_2,08:15,08:48,46,Station_8,Station_11,9
2023-03-22,Train,Route_2,13:52,14:44,19,Station_10,Station_10,7
2023-03-22,Train,Route_7,15:15,15:31,30,Station_2,Station_12,5
2023-03-22,Metro,Route_2,07:05,08:07,25,Station_12,Station_5,15
2023-03-22,Train,Route_3,12:50,14:42,56,Station_16,Station_4,6
2023-03-22,Metro,Route_8,21:15,21:26,60,Station_11,Station_7,7
2023-03-22,Bus,Route_10,07:49,08:27,38,Station_3,Station_14,7
2023-03-22,Bus,Route_6,15:38,16:48,25,Station_18,Station_7,14
2023-03-22,Bus,Route_2,15:29,16:45,11,Station_6,Station_16,15
2023-03-22,Tram,Route_10,20:57,22:27,28,Station_19,Station_10,0
2023-03-22,Tram,Route_2,22:21,24:24,82,Station_13,Station_17,6
2023-03-22,Train,Route_1,16:36,17:57,5,Station_11,Station_15,9
2023-03-22,Tram,Route_4,09:27,09:50,28,Station_4,Station_20,12
2023-03-22,Bus,Route_10,16:42,17:10,79,Station_16,Station_7,14
2023-03-22,Bus,Route_2,03:46,05:00,80,Station_11,Station_3,6
2023-03-22,Train,Route_1,18:19,19:18,34,Station_6,Station_14,2
2023-03-22,Bus,Route_2,15:14,15:42,2,Station_2,Station_19,1
2023-03-22,Train,Route_6,19:51,21:21,4,Station_15,Station_16,2
2023-03-22,Bus,Route_8,16:49,17:00,36,Station_13,Station_18,8
2023-03-23,Bus,Route_9,22:14,23:53,41,Station_1,Station_11,5
2023-03-23,Metro,Route_6,15:40,16:43,65,Station_6,Station_10,15
2023-03-23,Metro,Route_1,15:06,15:10,55,Station_14,Station_8,3
2023-03-23,Metro,Route_9,08:06,09:46,96,Station_12,Station_6,3
2023-03-23,Bus,Route_10,22:22,23:15,48,Station_14,Station_5,5
2023-03-23,Tram,Route_7,18:06,19:50,99,Station_17,Station_1,1
2023-03-23,Tram,Route_10,17:41,19:20,61,Station_8,Station_6,7
2023-03-23,Tram,Route_3,10:54,11:05,31,Station_4,Station_11,7
2023-03-23,Tram,Route_2,07:31,09:26,24,Station_19,Station_16,6
2023-03-23,Train,Route_8,14:08,16:06,51,Station_1,Station_17,2
2023-03-23,Metro,Route_7,16:35,16:42,20,Station_13,Station_6,2
2023-03-23,Metro,Route_6,20:35,22:11,42,Station_3,Station_4,1
2023-03-23,Tram,Route_2,22:39,23:58,82,Station_19,Station_7,1
2023-03-23,Metro,Route_6,06:07,07:51,33,Station_6,Station_2,8
2023-03-23,Bus,Route_6,09:55,10:28,57,Station_11,Station_6,15
2023-03-23,Bus,Route_1,09:11,10:08,38,Station_20,Station_8,10
2023-03-23,Train,Route_3,05:04,06:50,59,Station_18,Station_12,7
2023-03-23,Bus,Route_2,11:53,13:57,87,Station_3,Station_13,15
2023-03-23,Metro,Route_3,15:22,16:57,95,Station_11,Station_19,7
2023-03-23,Tram,Route_6,18:12,19:24,92,Station_13,Station_19,15
2023-03-23,Train,Route_6,16:31,18:01,30,Station_8,Station_11,14
2023-03-23,Tram,Route_10,10:24,11:26,13,Station_18,Station_13,11
2023-03-23,Tram,Route_4,08:02,09:05,64,Station_5,Station_6,9
2023-03-23,Train,Route_8,18:02,18:28,60,Station_12,Station_6,15
2023-03-23,Train,Route_4,22:52,24:56,42,Station_9,Station_16,7
2023-03-23,Bus,Route_7,11:36,13:26,44,Station_15,Station_14,0
2023-03-23,Bus,Route_6,17:05,17:21,39,Station_3,Station_19,3
2023-03-23,Metro,Route_9,08:50,10:52,32,Station_6,Station_5,9
2023-03-23,Train,Route_4,18:10,19:34,19,Station_13,Station_13,4
2023-03-23,Bus,Route_4,06:14,07:07,82,Station_11,Station_18,10
2023-03-23,Metro,Route_5,15:02,16:35,71,Station_16,Station_13,13
2023-03-23,Tram,Route_9,20:38,22:24,59,Station_6,Station_2,15
2023-03-24,Tram,Route_4,19:37,20:49,94,Station_8,Station_5,2
2023-03-24,Bus,Route_10,18:39,19:06,7,Station_12,Station_16,7
2023-03-24,Metro,Route_8,15:20,16:08,89,Station_14,Station_3,11
2023-03-24,Metro,Route_2,06:49,08:44,31,Station_1,Station_13,0
2023-03-24,Tram,Route_2,08:43,09:09,4,Station_13,Station_2,3
2023-03-24,Tram,Route_8,09:11,10:46,61,Station_8,Station_13,1
2023-03-24,Train,Route_4,06:08,07:03,24,Station_20,Station_6,10
2023-03-24,Metro,Route_8,11:05,11:13,27,Station_8,Station_16,4
2023-03-24,Train,Route_6,09:36,11:01,43,Station_13,Station_8,13
2023-03-24,Bus,Route_5,17:35,18:50,92,Station_10,Station_8,1
2023-03-24,Metro,Route_2,08:02,08:59,27,Station_9,Station_20,8
2023-03-24,Tram,Route_4,11:54,12:07,4,Station_1,Station_17,3
2023-03-24,Metro,Route_7,21:14,21:19,11,Station_9,Station_16,3
2023-03-24,Metro,Route_10,14:44,16:29,23,Station_6,Station_16,9
2023-03-24,Metro,Route_1,21:02,22:20,22,Station_8,Station_18,0
2023-03-24,Train,Route_10,18:17,19:10,3,Station_17,Station_17,8
2023-03-24,Tram,Route_1,06:47,08:00,59,Station_19,Station_8,10
2023-03-24,Bus,Route_3,14:26,16:38,50,Station_10,Station_5,14
2023-03-24,Metro,Route_3,11:00,11:41,76,Station_20,Station_20,3
2023-03-24,Metro,Route_2,09:41,11:01,11,Station_8,Station_17,4
2023-03-24,Metro,Route_10,12:54,13:46,83,Station_12,Station_3,6
2023-03-24,Tram,Route_1,11:04,12:24,100,Station_19,Station_18,1
2023-03-24,Metro,Route_8,15:27,15:44,20,Station_9,Station_8,12
2023-03-24,Train,Route_1,14:41,16:43,2,Station_11,Station_20,4
2023-03-24,Metro,Route_8,11:49,12:10,36,Station_4,Station_2,6
2023-03-24,Metro,Route_10,13:18,14:31,3,Station_1,Station_1,11
2023-03-24,Train,Route_1,16:31,16:54,17,Station_5,Station_12,1
2023-03-24,Metro,Route_5,16:08,16:45,15,Station_16,Station_16,5
2023-03-24,Bus,Route_7,17:56,18:39,44,Station_14,Station_7,5
2023-03-24,Bus,Route_1,05:56,07:50,34,Station_7,Station_20,6
2023-03-24,Metro,Route_5,11:51,13:44,84,Station_6,Station_2,0
2023-03-24,Metro,Route_9,07:06,09:02,58,Station_9,Station_6,10
2023-03-25,Train,Route_6,17:43,18:07,19,Station_5,Station_5,8
2023-03-25,Metro,Route_3,06:24,07:07,4,Station_13,Station_20,0
2023-03-25,Train,Route_3,18:56,19:23,66,Station_12,Station_15,4
2023-03-25,Train,Route_10,08:05,08:53,13,Station_16,Station_17,3
2023-03-25,Tram,Route_3,12:00,13:49,45,Station_5,Station_3,11
2023-03-25,Metro,Route_2,05:42,07:05,31,Station_5,Station_10,14
2023-03-25,Bus,Route_5,20:40,21:52,15,Station_17,Station_14,14
2023-03-25,Tram,Route_8,19:43,20:02,87,Station_1,Station_8,2
2023-03-25,Tram,Route_8,18:12,18:28,71,Station_13,Station_6,15
2023-03-25,Train,Route_5,17:58,18:39,58,Station_9,Station_12,2
2023-03-25,Tram,Route_3,14:03,15:56,88,Station_19,Station_3,8
2023-03-25,Bus,Route_2,20:29,22:07,52,Station_11,Station_8,13
2023-03-25,Train,Route_10,22:39,23:45,76,Station_6,Station_9,7
2023-03-25,Bus,Route_3,09:23,11:17,47,Station_20,Station_11,7
2023-03-25,Metro,Route_3,13:42,15:56,34,Station_5,Station_3,14
2023-03-25,Tram,Route_2,13:17,14:26,74,Station_2,Station_1,5
2023-03-25,Train,Route_8,22:05,22:47,77,Station_16,Station_5,2
2023-03-25,Tram,Route_9,07:06,08:32,32,Station_14,Station_6,10
2023-03-25,Train,Route_7,15:57,17:00,42,Station_7,Station_2,3
2023-03-25,Train,Route_10,15:42,16:59,1,Station_12,Station_16,13
2023-03-25,Tram,Route_6,07:39,08:14,47,Station_19,Station_1,11
2023-03-25,Bus,Route_8,10:46,12:10,3,Station_12,Station_3,15
2023-03-25,Train,Route_9,12:27,13:47,94,Station_20,Station_10,9
2023-03-25,Train,Route_1,17:38,19:14,64,Station_8,Station_7,11
2023-03-25,Metro,Route_8,08:04,10:03,2,Station_18,Station_2,11
2023-03-25,Metro,Route_1,20:32,21:14,94,Station_6,Station_5,1
2023-03-25,Metro,Route_2,13:24,14:04,73,Station_3,Station_17,2
2023-03-25,Train,Route_4,18:33,20:40,46,Station_8,Station_14,13
2023-03-25,Tram,Route_6,08:40,10:19,52,Station_20,Station_14,2
2023-03-25,Train,Route_2,06:49,07:16,26,Station_6,Station_2,14
2023-03-25,Bus,Route_8,22:20,23:34,17,Station_8,Station_10,1
2023-03-25,Metro,Route_9,20:05,21:17,34,Station_4,Station_20,3
2023-03-26,Bus,Route_3,19:15,21:07,15,Station_2,Station_2,13
2023-03-26,Tram,Route_3,20:42,22:13,1,Station_7,Station_18,5
2023-03-26,Train,Route_5,21:51,23:16,34,Station_1,Station_6,10
2023-03-26,Bus,Route_2,18:09,18:49,71,Station_4,Station_3,11
2023-03-26,Metro,Route_3,10:31,11:28,53,Station_13,Station_7,11
2023-03-26,Metro,Route_5,22:37,23:59,1,Station_17,Station_20,0
2023-03-26,Train,Route_9,06:31,07:50,34,Station_18,Station_19,9
2023-03-26,Metro,Route_4,21:16,23:03,23,Station_16,Station_9,4
2023-03-26,Tram,Route_7,16:15,16:53,36,Station_16,Station_7,12
2023-03-26,Bus,Route_3,22:39,23:08,8,Station_16,Station_5,14
2023-03-26,Train,Route_3,13:25,13:49,26,Station_8,Station_13,9
2023-03-26,Bus,Route_7,10:50,12:55,31,Station_17,Station_8,15
2023-03-26,Tram,Route_9,15:50,17:55,80,Station_7,Station_15,12
2023-03-26,Train,Route_3,12:45,13:54,44,Station_10,Station_6,15
2023-03-26,Bus,Route_8,20:46,21:48,76,Station_11,Station_2,8
2023-03-26,Bus,Route_2,12:54,13:00,74,Station_14,Station_13,3
2023-03-26,Train,Route_10,07:44,09:17,47,Station_1,Station_2,10
2023-03-26,Tram,Route_7,07:39,09:17,83,Station_8,Station_10,12
2023-03-26,Tram,Route_10,08:22,10:20,23,Station_20,Station_12,12
2023-03-26,Tram,Route_2,07:20,08:07,16,Station_14,Station_17,1
2023-03-26,Metro,Route_3,05:52,07:09,86,Station_9,Station_19,14
2023-03-26,Tram,Route_5,05:35,05:41,83,Station_1,Station_20,3
2023-03-26,Train,Route_4,05:51,07:15,82,Station_3,Station_20,15
2023-03-26,Tram,Route_6,10:52,12:47,35,Station_17,Station_15,15
2023-03-26,Train,Route_10,17:23,17:31,46,Station_1,Station_11,4
2023-03-26,Metro,Route_10,22:36,23:11,92,Station_8,Station_3,0
2023-03-26,Train,Route_10,11:56,13:17,100,Station_14,Station_19,1
2023-03-26,Tram,Route_9,22:05,22:11,37,Station_12,Station_13,4
2023-03-26,Tram,Route_7,09:39,10:32,73,Station_3,Station_11,10
2023-03-26,Tram,Route_6,22:11,23:46,69,Station_16,Station_19,1
2023-03-26,Metro,Route_2,21:52,23:53,30,Station_10,Station_11,9
2023-03-26,Metro,Route_5,12:08,13:09,99,Station_7,Station_7,11
2023-03-27,Bus,Route_2,14:38,17:13,62,Station_14,Station_15,63
2023-03-27,Bus,Route_2,14:45,17:26,32,Station_3,Station_19,49
2023-03-27,Bus,Route_10,18:37,21:08,49,Station_20,Station_12,64
2023-03-27,Train,Route_8,17:57,19:09,89,Station_13,Station_18,21
2023-03-27,Bus,Route_7,18:01,18:38,78,Station_1,Station_20,36
2023-03-27,Bus,Route_1,12:09,14:05,81,Station_4,Station_20,44
2023-03-27,Tram,Route_2,09:58,12:17,79,Station_6,Station_14,60
2023-03-27,Bus,Route_8,10:59,13:33,15,Station_19,Station_17,48
2023-03-27,Train,Route_4,10:24,11:29,57,Station_13,Station_15,47
2023-03-27,Tram,Route_10,11:05,12:54,66,Station_17,Station_8,58
2023-03-27,Tram,Route_4,11:26,13:32,96,Station_20,Station_1,58
2023-03-27,Tram,Route_1,22:31,23:46,32,Station_18,Station_4,43
2023-03-27,Metro,Route_4,17:20,18:39,88,Station_3,Station_5,25
2023-03-27,Metro,Route_10,20:27,22:32,17,Station_11,Station_18,23
2023-03-27,Tram,Route_3,22:02,24:18,22,Station_11,Station_20,46
2023-03-27,Tram,Route_3,11:53,14:35,83,Station_13,Station_4,54
2023-03-27,Metro,Route_10,09:26,11:08,98,Station_15,Station_10,31
2023-03-27,Bus,Route_3,10:54,11:45,64,Station_3,Station_13,47
2023-03-27,Train,Route_8,08:09,09:47,11,Station_12,Station_2,33
2023-03-27,Bus,Route_1,20:50,21:48,8,Station_2,Station_6,35
2023-03-27,Tram,Route_4,12:43,15:00,13,Station_13,Station_4,51
2023-03-27,Train,Route_8,18:03,19:24,81,Station_20,Station_19,26
2023-03-27,Bus,Route_5,11:13,12:00,45,Station_8,Station_11,29
2023-03-27,Metro,Route_7,17:14,18:59,77,Station_5,Station_15,61
2023-03-27,Tram,Route_5,08:23,09:30,91,Station_9,Station_9,26
2023-03-27,Bus,Route_10,06:14,07:57,15,Station_5,Station_5,54
2023-03-27,Train,Route_4,13:34,14:36,70,Station_13,Station_19,60
2023-03-27,Train,Route_5,14:03,16:15,60,Station_15,Station_7,63
2023-03-27,Metro,Route_8,05:22,06:51,13,Station_11,Station_13,47
2023-03-27,Metro,Route_10,05:51,08:20,35,Station_13,Station_7,51
2023-03-27,Tram,Route_2,08:10,10:43,60,Station_17,Station_13,66
2023-03-27,Tram,Route_3,11:50,14:12,58,Station_17,Station_1,45
2023-03-28,Train,Route_4,11:30,13:23,18,Station_20,Station_7,4
2023-03-28,Tram,Route_2,13:01,13:56,41,Station_8,Station_16,14
2023-03-28,Train,Route_1,09:34,10:18,34,Station_4,Station_4,6
2023-03-28,Train,Route_7,20:47,21:22,79,Station_14,Station_12,4
2023-03-28,Tram,Route_8,20:12,20:48,1,Station_19,Station_7,0
2023-03-28,Bus,Route_2,16:06,16:58,77,Station_6,Station_20,5
2023-03-28,Bus,Route_10,08:50,09:15,46,Station_18,Station_3,9
2023-03-28,Tram,Route_6,07:40,09:14,38,Station_3,Station_10,7
2023-03-28,Metro,Route_2,10:45,12:13,76,Station_12,Station_9,10
2023-03-28,Bus,Route_9,11:36,12:12,20,Station_16,Station_9,15
2023-03-28,Bus,Route_8,03:50,05:32,71,Station_20,Station_13,7
2023-03-28,Bus,Route_2,20:31,21:07,32,Station_15,Station_9,0
2023-03-28,Metro,Route_5,15:34,16:29,30,Station_5,Station_20,10
2023-03-28,Tram,Route_6,14:02,15:42,15,Station_4,Station_14,10
2023-03-28,Train,Route_10,11:08,12:54,9,Station_1,Station_3,6
2023-03-28,Train,Route_9,10:08,11:10,65,Station_4,Station_12,12
2023-03-28,Metro,Route_1,18:02,20:11,72,Station_1,Station_18,15
2023-03-28,Train,Route_8,15:04,16:17,100,Station_16,Station_4,5
2023-03-28,Tram,Route_2,20:48,20:55,85,Station_12,Station_4,5
2023-03-28,Metro,Route_2,13:37,14:15,68,Station_7,Station_10,6
2023-03-28,Metro,Route_2,07:17,08:57,82,Station_17,Station_3,1
2023-03-28,Tram,Route_1,07:25,09:03,100,Station_16,Station_17,9
2023-03-28,Train,Route_5,06:48,07:45,68,Station_7,Station_14,5
2023-03-28,Bus,Route_1,14:48,16:24,25,Station_7,Station_3,13
2023-03-28,Metro,Route_2,07:43,09:32,5,Station_1,Station_11,6
2023-03-28,Bus,Route_6,14:40,15:13,28,Station_18,Station_11,13
2023-03-28,Bus,Route_1,10:35,11:35,46,Station_9,Station_13,15
2023-03-28,Bus,Route_6,12:38,13:33,68,Station_9,Station_18,1
2023-03-28,Bus,Route_7,10:35,12:07,10,Station_1,Station_8,11
2023-03-28,Metro,Route_7,16:00,16:58,24,Station_13,Station_16,10
2023-03-28,Metro,Route_4,15:38,16:33,37,Station_2,Station_9,14
2023-03-28,Metro,Route_5,12:59,13:08,80,Station_18,Station_1,7
2023-03-29,Metro,Route_2,05:42,06:41,72,Station_4,Station_5,6
2023-03-29,Tram,Route_9,13:18,14:51,94,Station_6,Station_5,9
2023-03-29,Train,Route_6,05:53,06:53,11,Station_5,Station_6,2
2023-03-29,Tram,Route_7,20:46,21:27,34,Station_16,Station_8,11
2023-03-29,Tram,Route_10,07:57,08:34,39,Station_14,Station_19,8
2023-03-29,Train,Route_6,17:32,18:45,31,Station_2,Station_11,9
2023-03-29,Bus,Route_8,08:14,09:00,25,Station_20,Station_18,2
2023-03-29,Bus,Route_10,06:54,07:15,15,Station_11,Station_2,9
2023-03-29,Bus,Route_8,05:13,06:10,20,Station_17,Station_13,4
2023-03-29,Train,Route_4,08:55,10:36,45,Station_11,Station_7,5
2023-03-29,Train,Route_4,07:42,07:53,28,Station_16,Station_5,7
2023-03-29,Train,Route_10,18:32,20:22,27,Station_5,Station_13,0
2023-03-29,Bus,Route_1,05:45,05:54,17,Station_6,Station_10,6
2023-03-29,Train,Route_7,10:13,11:22,90,Station_9,Station_17,12
2023-03-29,Train,Route_4,13:01,13:37,29,Station_18,Station_12,1
2023-03-29,Train,Route_4,07:19,08:58,14,Station_11,Station_16,4
2023-03-29,Bus,Route_9,21:06,22:22,88,Station_2,Station_20,2
2023-03-29,Metro,Route_7,17:37,17:53,18,Station_4,Station_13,0
2023-03-29,Train,Route_3,15:13,16:27,66,Station_1,Station_4,0
2023-03-29,Bus,Route_9,14:25,14:54,28,Station_14,Station_12,10
2023-03-29,Tram,Route_1,14:15,16:04,30,Station_20,Station_3,13
2023-03-29,Train,Route_2,16:24,17:59,23,Station_7,Station_1,5
2023-03-29,Tram,Route_8,15:27,16:53,57,Station_16,Station_16,4
2023-03-29,Bus,Route_10,03:19,04:48,81,Station_5,Station_20,3
2023-03-29,Train,Route_7,18:08,19:16,1,Station_12,Station_17,4
2023-03-29,Metro,Route_5,17:27,17:53,49,Station_12,Station_4,2
2023-03-29,Bus,Route_10,21:36,22:45,10,Station_7,Station_2,11
2023-03-29,Train,Route_2,08:55,09:37,33,Station_12,Station_1,9
2023-03-29,Train,Route_1,16:20,16:44,82,Station_14,Station_4,3
2023-03-29,Metro,Route_4,08:55,09:42,81,Station_8,Station_5,2
2023-03-29,Bus,Route_6,08:43,10:02,69,Station_18,Station_13,14
2023-03-29,Metro,Route_1,07:44,09:49,27,Station_6,Station_7,10
2023-03-30,Train,Route_10,08:02,08:41,65,Station_8,Station_15,9
2023-03-30,Tram,Route_9,14:10,15:57,51,Station_2,Station_10,2
2023-03-30,Tram,Route_2,18:36,20:16,84,Station_19,Station_15,3
2023-03-30,Metro,Route_7,13:33,15:27,80,Station_13,Station_8,14
2023-03-30,Train,Route_5,16:33,16:36,97,Station_7,Station_14,2
2023-03-30,Bus,Route_4,08:38,09:30,98,Station_11,Station_18,10
2023-03-30,Train,Route_5,10:56,12:47,30,Station_6,Station_11,8
2023-03-30,Bus,Route_3,19:38,20:13,90,Station_8,Station_15,3
2023-03-30,Train,Route_4,17:06,18:20,90,Station_19,Station_18,0
2023-03-30,Bus,Route_7,19:58,20:25,72,Station_20,Station_19,0
2023-03-30,Metro,Route_3,05:21,07:08,86,Station_2,Station_2,0
2023-03-30,Bus,Route_7,16:00,17:23,42,Station_3,Station_9,8
2023-03-30,Metro,Route_9,09:47,10:55,30,Station_9,Station_12,14
2023-03-30,Tram,Route_1,15:37,15:52,23,Station_10,Station_16,2
2023-03-30,Tram,Route_10,12:00,14:01,35,Station_8,Station_13,2
2023-03-30,Metro,Route_8,10:03,10:39,81,Station_14,Station_5,11
2023-03-30,Tram,Route_1,15:34,16:47,41,Station_20,Station_10,15
2023-03-30,Tram,Route_10,06:00,07:16,4,Station_6,Station_2,2
2023-03-30,Tram,Route_9,15:13,17:14,69,Station_15,Station_5,4
2023-03-30,Train,Route_7,18:42,20:24,91,Station_2,Station_7,9
2023-03-30,Tram,Route_10,07:21,08:17,11,Station_17,Station_20,5
2023-03-30,Train,Route_10,14:34,15:29,20,Station_15,Station_8,8
2023-03-30,Metro,Route_2,09:27,11:04,33,Station_2,Station_9,11
2023-03-30,Tram,Route_8,10:12,11:22,47,Station_19,Station_5,8
2023-03-30,Train,Route_9,17:16,17:54,73,Station_4,Station_6,5
2023-03-30,Bus,Route_1,05:51,07:52,40,Station_15,Station_10,6
2023-03-30,Train,Route_6,13:09,14:10,40,Station_1,Station_15,3
2023-03-30,Metro,Route_2,19:41,21:20,39,Station_11,Station_13,10
2023-03-30,Metro,Route_9,18:06,19:41,51,Station_5,Station_4,11
2023-03-30,Train,Route_9,09:12,10:38,5,Station_12,Station_7,1
2023-03-30,Tram,Route_2,20:07,20:59,44,Station_6,Station_13,13
2023-03-30,Train,Route_2,17:06,17:47,48,Station_11,Station_17,15
